video_code,author,source_URL,license,length_s,language_free,anxiety,compassion,contempt,despair,disgust,fascination,fear,guilt,indifference,irritation,joy,no_emotion,pride,rage,sadness,satisfaction,shame,surprise,entropy,modal_emotion,valence,arousal,valence_wsd,arousal_wsd
VID_102,Amy Saville,https://www.youtube.com/watch?v=xUVZe-tq29Y,CC-BY 3.0,50,TRUE,158,0,0,0,0,18,263,0,158,0,53,0,0,0,0,0,0,351,646,surprise,-451,789,424,564
VID_103,Amy Saville,https://www.youtube.com/watch?v=xUVZe-tq29Y,CC-BY 3.0,40,FALSE,237,17,0,0,0,51,288,0,254,0,0,34,0,0,0,17,0,102,563,fear,-226,398,297,683
VID_104,Hour_ Oudom,https://www.youtube.com/watch?v=y-O6E5U1MMk,CC-BY 3.0,56,TRUE,471,0,0,0,0,137,255,0,118,0.02,0,0,0,0,0,0,0,0,717,anxiety,-0.51,721,277,524
VID_106,JC5 Productions,https://www.youtube.com/watch?v=8LYplnecFog,CC-BY 3.0,51,FALSE,322,0,0,0,0,34,424,0,85,0,17,0,0,0,0,0,0,119,677,fear,-565,954,356,443
VID_108,NoGravity Media,https://www.youtube.com/watch?v=K2VVGI0F8a4,CC-BY 3.0,33,TRUE,404,0,0,0,18,35,193,0,211,18,0,18,0,18,35,0,0,53,514,anxiety,-722,607,0.47,579
VID_109,stargirl,https://www.youtube.com/watch?v=FN60fhzA5YE,CC-BY 3.0,52,FALSE,136,0,17,0,0,34,119,0,186,34,68,17,0,0,0,0,0,0.39,517,surprise,-289,398,318,559
VID_110,Watson Brothers,https://www.youtube.com/watch?v=aG1735sIDWs,CC-BY 3.0,57,FALSE,121,15,0,0,0,61,197,0,197,0.03,61,0,0,0,0,0,15,303,504,surprise,-188,536,348,685
VID_111,Andreas A,https://www.youtube.com/watch?v=LVlJaBHPIVg,CC-BY 3.0,55,FALSE,582,0,0,0,0,109,164,0,36,0,0,55,0,18,0,18,0,18,625,anxiety,-236,726,254,348
VID_112,FrostedMiniFears,https://www.youtube.com/watch?v=I_3nI0oWFmQ,CC-BY 3.0,55,FALSE,357,0,0,0,0,179,179,0,196,0,18,54,0,0,0,0,0,18,606,anxiety,-253,375,323,624
VID_113,JC5 Productions,https://www.youtube.com/watch?v=IJFp8dmJxPk,CC-BY 3.0,60,TRUE,385,0,0,0,0,46,292,0,169,46,15,15,0,0,0,0,15,15,569,anxiety,-482,697,338,664
VID_114,Fat Loot,https://www.youtube.com/watch?v=lnTITfoFjZk,CC-BY 3.0,53,FALSE,361,0,0,0,0,115,148,0,197,16,16,0,0,0,0,0,0,148,599,anxiety,-322,454,324,572
VID_115,Fat Loot,https://www.youtube.com/watch?v=lnTITfoFjZk,CC-BY 3.0,23,TRUE,312,0,0,0,0,62,396,0,104,42,0,21,0,0,0,0,0,62,614,fear,-0.43,712,374,424
VID_116,Sinan Chevik,https://www.youtube.com/watch?v=D1QqAi60dGI,CC-BY 3.0,59,FALSE,456,0,0,35,18,0,263,0,0,88,0,18,0,18,0.07,0,0,35,561,anxiety,-1392,1461,305,395
VID_117,Adrian Huff,https://www.youtube.com/watch?v=xBqt_ZCqc1Y,CC-BY 3.0,48,TRUE,0.4,0,18,0,0,91,327,0,91,0,0,36,0,0,0,18,0,18,0.6,anxiety,-374,701,355,455
VID_118,Rachel Star Withers,https://www.youtube.com/watch?v=j9Om78ssT6U,CC-BY 3.0,38,FALSE,397,0,0,0,0,32,302,0,79,111,16,0,0,0,0,0,0,63,617,anxiety,-778,805,315,641
VID_119,Adrian Huff,https://www.youtube.com/watch?v=tlfyGTx8U4U,CC-BY 3.0,32,TRUE,298,0,0,0,0,35,351,0,123,18,18,18,0,0,0,0,0,0.14,585,fear,-403,587,368,556
VID_120,Joe Jackson,https://www.youtube.com/watch?v=Tu3q4W0-TvM,CC-BY 3.0,61,TRUE,127,0,0,0,436,91,236,0,91,0,0,0,0,0,0,0,0,18,653,disgust,-885,652,387,503
VID_121,Vanguard Studios Entertainment,https://www.youtube.com/watch?v=LYKyhQoJhI0,CC-BY 3.0,60,TRUE,415,0,0,0,0,0,434,0,57,0,57,0,0,0,0,19,0,19,714,fear,-0.57,936,352,492
VID_122,TOTAL JAPAN,https://www.youtube.com/watch?v=a6ckakejwG0,CC-BY 3.0,23,TRUE,121,0,0,0,17,0,379,0,52,34,0,0,0,17,17,0,0,362,0.61,fear,-753,1082,363,495
VID_123,TOTAL JAPAN,https://www.youtube.com/watch?v=a6ckakejwG0,CC-BY 3.0,41,TRUE,0.2,0,0,0,0,0.02,0.3,0,0.16,0.02,0,0,0,0,0,0,0,0.3,658,fear,-548,798,439,519
VID_124,Rise and Shine Films,https://www.youtube.com/watch?v=DZv9GMpJsZg,CC-BY 3.0,66,FALSE,98,0,0,0,0,82,246,0,115,0,16,0,0,0,0,33,0,0.41,606,surprise,-0.16,674,348,525
VID_201,Under_a_microscope,https://www.youtube.com/watch?v=q7Obb3lLDAk,CC-BY 3.0,16,TRUE,0,0,0,41,816,0,0.02,0,0,41,0,0,0,0,82,0,0,0,818,disgust,-1116,784,258,283
VID_202,Mike Lewinski,https://www.youtube.com/watch?v=KsYBFn8OVi0,CC-BY 3.0,20,TRUE,19,38,0,0,731,58,0,0,38,19,0,19,0,0,77,0,0,0,673,disgust,-846,361,389,0.42
VID_203,Disgusting videos,https://www.youtube.com/watch?v=GXoFdCgf4JQ,CC-BY 3.0,42,TRUE,62,0,0,0,831,62,0,0,15,0,0,0,0,0,15,0,0,15,803,disgust,-1039,0.77,381,494
VID_204,Alpineswift,https://www.youtube.com/watch?v=VLTQmRF2am4,CC-BY 3.0,30,FALSE,0,0,0,0,868,38,0,0,0,0,0,19,0,0,19,0,0,57,849,disgust,-734,543,362,406
VID_206,Dr. Richard Moy,https://www.youtube.com/watch?v=_s6aCcrMYS0,CC-BY 3.0,30,TRUE,74,0,0,0,759,74,0,0,37,19,19,0,0,0,0,0,0,19,726,disgust,-748,636,0.35,373
VID_208,GammelFood,https://www.youtube.com/watch?v=WuZvOtQP1AU,CC-BY 3.0,30,TRUE,0,0,0,0,0.6,0.2,0,18,164,0,0,18,0,0,0,0,0,0,765,disgust,-427,-57,528,397
VID_209,GammelFood,https://www.youtube.com/watch?v=nxr35cku_bQ,CC-BY 3.0,29,TRUE,0,0,0,0,692,212,0,0,38,0,19,19,0,0,0,0,0,19,763,disgust,-492,128,598,453
VID_210,GammelFood,https://www.youtube.com/watch?v=bILHr2xfIKo,CC-BY 3.0,30,TRUE,18,0,0,0,614,211,18,0,0.07,0,0,53,0,0,0,0,0,18,688,disgust,-0.52,-62,413,413
VID_211,MidiPunk,https://www.youtube.com/watch?v=19uMuGh67iw,CC-BY 3.0,29,TRUE,167,0,0,17,233,0.15,0.15,0,117,17,0,133,0,0,0,17,0,0,484,disgust,-481,402,518,668
VID_212,julian correa,https://www.youtube.com/watch?v=nMnpi6MoKow,CC-BY 3.0,33,TRUE,33,0,0,0,902,0,0,0,33,16,0,0,0,16,0,0,0,0,873,disgust,-1073,0.58,308,329
VID_213,Animal Equality,https://www.youtube.com/watch?v=GPlDrCOJUCg,CC-BY 3.0,52,TRUE,45,23,45,0,432,23,0,45,0,91,0,0,0,91,182,0,23,0,478,disgust,-1215,976,362,0.44
VID_214,Outstanding Videos,https://www.youtube.com/watch?v=0iuX0Nj7mqI,CC-BY 3.0,30,TRUE,0,0.02,0,0,608,216,0,0,0,0,78,0.02,0,0,0,0,0,59,716,disgust,-93,471,529,415
VID_215,The Bougainvillea Clinique,https://www.youtube.com/watch?v=12le5cvhVfc,CC-BY 3.0,47,FALSE,98,0,33,0,607,164,0,0,16,33,0,16,0,0,0,0,0,33,635,disgust,-556,551,366,466
VID_216,Kong Yuen Sing,https://www.youtube.com/watch?v=pYur0gAXqio,CC-BY 3.0,51,TRUE,0.14,0.02,0,0,0.66,0.02,0,0,0.02,0.04,0,0,0.02,0,0.06,0,0,0.02,621,disgust,-917,713,308,415
VID_217,Online Medical – Website Design & Development for Healthcare Professionals,https://www.youtube.com/watch?v=xiFDCoeUi24,CC-BY 3.0,52,TRUE,91,0,0,0,795,23,0,0,23,0,0,0,0,0,0,0,0,68,811,disgust,-1031,778,322,529
VID_218,Norman Hicks,https://www.youtube.com/watch?v=kfEwm1DpZVU,CC-BY 3.0,58,TRUE,17,0,0,0,845,34,0,0,34,0,0,17,0,0,17,0,0,34,774,disgust,-837,423,398,521
VID_219,CINESIM Creative Commons,https://www.youtube.com/watch?v=tWPPZKQj1uE,CC-BY 3.0,33,TRUE,0,14,0,0,638,159,0,0,58,0,0,14,0,0,72,0,0,43,0.68,disgust,-0.62,374,0.5,566
VID_220,Brain & Spine Hospitals,https://www.youtube.com/watch?v=rsgdrAvWT4Q,CC-BY 3.0,48,TRUE,154,0,0,0,558,135,0,0,77,19,0,38,0,0,19,0,0,0,648,disgust,-729,514,471,0.52
VID_221,Kong Yuen Sing,https://www.youtube.com/watch?v=XCcfbfdhd2Y,CC-BY 3.0,51,FALSE,36,71,0,0,411,18,18,0,0,18,0,0,0,0,411,0,0,18,643,disgust,-1267,747,282,335
VID_222,FatBoy Entertainment,https://www.youtube.com/watch?v=nQFeq0oNBuE,CC-BY 3.0,65,FALSE,0,0,0,0,0.94,0,0,0,0,0.02,0.04,0,0,0,0,0,0,0,956,disgust,-1015,718,329,0.38
VID_223,Pure Satisfaction,https://www.youtube.com/watch?v=eFQnyj9NsEA,CC-BY 3.0,34,TRUE,59,0,0,0,588,137,0,0,118,0.02,0.02,39,0,0,0,0.02,0,0,0.62,disgust,-405,0.15,401,497
VID_301,DevilDog,https://www.youtube.com/watch?v=zq-tcmj0EBs,CC-BY 3.0,40,FALSE,0,254,0,0,0,28,0,0,56,0,0.31,42,14,0,14,282,0,0,588,joy,1307,-288,337,325
VID_302,Coventry City Council,https://www.youtube.com/watch?v=jPs9xhwHGmY,CC-BY 3.0,28,FALSE,0,42,14,0,0,56,0,0,85,0,0.69,28,0,0,0,85,0,0,685,joy,1126,-593,318,322
VID_303,Coventry City Council,https://www.youtube.com/watch?v=jPs9xhwHGmY,CC-BY 3.0,34,FALSE,0,42,0,0,0,28,0,0,211,0,634,14,0,0,0,0.07,0,0,727,joy,963,-635,508,272
VID_304,Childstar Cinema,https://www.youtube.com/watch?v=WKTXblxD1Ug,CC-BY 3.0,48,TRUE,14,129,0,0,0,143,0,0,171,14,314,29,14,0,43,0.1,0,29,428,joy,798,-0.39,536,371
VID_305,Moms Vlog80,https://www.youtube.com/watch?v=36o6cRtOxB8,CC-BY 3.0,12,FALSE,0,132,0,15,0,0,0,0,206,0,191,59,132,0,0,265,0,0,569,satisfaction,966,-508,536,312
VID_306,Moms Vlog80,https://www.youtube.com/watch?v=36o6cRtOxB8,CC-BY 3.0,12,FALSE,0,348,0,0,0,0,0,0,232,0,87,58,87,0,174,14,0,0,588,compassion,0.35,-487,478,191
VID_308,A Plus,https://www.youtube.com/watch?v=19MRazlldnM,CC-BY 3.0,41,FALSE,15,147,0,0,15,0,0,0,103,29,15,59,0,15,544,0,15,44,512,sadness,-656,-25,383,367
VID_309,Susana Silva,https://www.youtube.com/watch?v=5jiKyKUq-zY,CC-BY 3.0,62,FALSE,0,43,0,0,0,143,0,0,214,29,229,29,29,0,14,271,0,0,512,satisfaction,947,-542,533,337
VID_310,Dan Smith,https://www.youtube.com/watch?v=5_e_CdA8xGE,CC-BY 3.0,71,FALSE,0,88,15,0,0,118,0,0,191,15,309,0,15,0,44,206,0,0,516,joy,894,-445,419,302
VID_401,Fabien Ecochard,https://vimeo.com/217972049,CC-BY 3.0,42,FALSE,0,0.12,13,0,0,0.48,0,0,187,0,0,0.08,13,0,27,67,0,13,561,fascination,591,-464,441,322
VID_402,Bruno Sanfilippo,https://www.youtube.com/watch?v=c2H47j4vpFg,CC-BY 3.0,47,TRUE,0,0,0,0,0,145,0,0,217,0,58,0.13,0,0,0,449,0,0,693,satisfaction,742,-873,425,302
VID_403,Kenneth Lagom,https://www.youtube.com/watch?v=qA8D8e34LZc,CC-BY 3.0,27,TRUE,0,0,0,0,0,0.58,14,0,145,0,14,87,14,0,14,116,0,14,608,fascination,706,-0.63,461,242
VID_404,Science Nature Space,https://www.youtube.com/watch?v=uUMBPRWvXT8,CC-BY 3.0,40,TRUE,0,0,0,0,0,685,0,0,137,0,27,96,0,0,0,55,0,0,762,fascination,893,-829,421,317
VID_405,Iris Lee,https://www.youtube.com/watch?v=QyetvDm45IA,CC-BY 3.0,24,TRUE,14,41,14,0,0,205,0,14,0.37,0,41,0.11,27,0,41,123,0,0,448,indifference,467,-664,473,321
VID_406,john carter,https://www.youtube.com/watch?v=ZkOgA7jwDf8,CC-BY 3.0,48,TRUE,0,0,0,0,0,639,14,0,83,14,14,56,0,0,0,181,0,0,698,fascination,952,-614,476,438
VID_407,U.N.I.C.O,https://www.youtube.com/watch?v=Mjjvlu6GENQ,CC-BY 3.0,55,TRUE,0,0,14,0,0,472,0,0,236,0,42,28,0,0,14,167,0,28,616,fascination,775,-763,374,313
VID_408,BBC Earth Lab,https://www.youtube.com/watch?v=PUX5FzpBbcQ,CC-BY 3.0,47,FALSE,0.07,0,0,0,0,648,42,0,56,0,14,28,14,0,0,42,0,85,596,fascination,633,391,482,568
VID_409,Karol Kachmarsky,https://www.youtube.com/watch?v=IrrXcuACoWo,CC-BY 3.0,56,TRUE,0,0,0,0,0,534,14,0,164,0,55,55,0,0,0,178,0,0,685,fascination,969,-563,529,0.34
VID_501,Baby Popcy,https://www.youtube.com/watch?v=ZuMQlAYcB2g,CC-BY 3.0,28,FALSE,27,0.04,0,13,0.04,27,0,13,0.08,0.04,613,13,0,0,13,53,0,27,455,joy,761,-255,521,427
VID_502,Baby Popcy,https://www.youtube.com/watch?v=ZuMQlAYcB2g,CC-BY 3.0,37,FALSE,0,43,0,0,14,43,0,0,101,43,652,58,0,0,0,14,0,29,0.6,joy,872,-466,523,0.33
VID_503,Cal Thomson,https://www.youtube.com/watch?v=2RhEza-nKFw,CC-BY 3.0,66,FALSE,29,0,14,0,43,129,14,0,229,14,271,14,0,0,0,14,0,229,468,joy,183,-282,508,343
VID_504,Saving Throw,https://www.youtube.com/watch?v=wDLzqIyUbf4,CC-BY 3.0,46,FALSE,0,27,0,0,0,27,0,0,192,14,534,41,0,0,0,55,0,0.11,606,joy,787,-691,402,273
VID_505,WatchCut Video,https://www.youtube.com/watch?v=IRBAZJ4lF0U,CC-BY 3.0,52,FALSE,0,27,0,0,0,27,0,0,54,27,757,0,0,0,0,54,0,54,712,joy,1174,-457,419,265
VID_506,MSL,https://www.youtube.com/watch?v=EGn9eduaLDU,CC-BY 3.0,57,FALSE,0,0,0,0,108,14,0,14,68,14,743,0,0,0,14,14,0,14,683,joy,925,-245,0.55,317
VID_507,Bitwit,https://www.youtube.com/watch?v=oI0quoebaQ0,CC-BY 3.0,62,FALSE,0,14,0,0,0,14,0,0,301,27,534,27,0,0,0,41,0,41,0.65,joy,597,-545,464,294
VID_508,rozibaby,https://vimeo.com/40630317,CC-BY 3.0,44,TRUE,0,0,0,0,0,15,0,0,75,149,672,15,0,15,0,0.06,0,0,702,joy,1135,-186,533,314
VID_509,Water.org,https://www.youtube.com/watch?v=XNQFtmHN7K0,CC-BY 3.0,20,TRUE,0,14,0,0,0,56,0,0,111,0,653,83,0,0,0,69,0,14,678,joy,1052,-411,328,296
VID_510,Will Hammond,https://www.youtube.com/watch?v=IlvthhkVT3c,CC-BY 3.0,13,TRUE,154,31,0,31,0,31,0,0,354,31,108,123,0,0,15,31,15,77,383,indifference,6,-264,278,396
VID_511,Stephen Murphy,https://www.youtube.com/watch?v=S4E8-mhKYPk,CC-BY 3.0,54,FALSE,33,0,16,0,16,115,0,0,0.18,131,311,49,0,0,0,16,49,82,412,joy,196,-156,507,321
VID_512,Danny Gonzalez,https://www.youtube.com/watch?v=NurwQgPBrTE,CC-BY 3.0,52,FALSE,0,0,14,0,29,29,0,0,43,43,478,58,0,0,0,29,14,261,532,joy,554,-0.25,633,0.28
VID_513,Danny Gonzalez,https://www.youtube.com/watch?v=nidx2C8xAEA,CC-BY 3.0,56,FALSE,14,0,14,14,0,55,0,0,192,123,384,14,0,0,0,14,14,164,487,joy,429,-143,523,324
VID_514,Bitwit,https://www.youtube.com/watch?v=MwXYPSQBB6Q,CC-BY 3.0,67,FALSE,0,0,0,0,0,57,0,0,157,71,614,43,0,0,0,29,14,14,633,joy,745,-466,529,377
VID_515,ram ram,https://www.youtube.com/watch?v=2TRMRxx4HFQ,CC-BY 3.0,61,FALSE,15,0,0,0,0,62,0,15,31,15,738,0,0,0,0,31,0,92,688,joy,1068,-274,329,0.39
VID_516,MsSugar82,https://www.youtube.com/watch?v=gSAUVvF6FSY,CC-BY 3.0,36,FALSE,28,28,0,0,0,28,0,0,127,0.07,606,14,0,0,0,28,0,0.07,583,joy,719,-301,597,366
VID_517,Mike and Randy - Warriors of Compassion,https://www.youtube.com/watch?v=kmov0cGPA1M,CC-BY 3.0,45,TRUE,0,14,0,0,0,28,0,0,42,14,817,0,0,0,0,85,0,0,795,joy,1236,-396,297,0.32
VID_518,MYSTERY NEWS,https://www.youtube.com/watch?v=uJ77tD3jWHg,CC-BY 3.0,13,TRUE,14,0,0,0,0,0.07,0,0,56,14,746,14,0,14,0,28,0,42,661,joy,1175,-446,434,349
VID_519,Danny Gonzalez,https://www.youtube.com/watch?v=z_Ue462Nlho,CC-BY 3.0,56,FALSE,0,0,0,0,0,29,0,0,0.25,88,485,59,0,29,0,59,0,0,627,joy,513,-399,542,357
VID_520,Daniel Vrangsinn,https://www.youtube.com/watch?v=TH5-e5FYl1s,CC-BY 3.0,36,TRUE,0,0,0,0,535,56,0,0,0,0,197,42,0,0,14,0,0,155,689,disgust,-108,-43,572,382
VID_521,JennaMarbles,https://www.youtube.com/watch?v=tfywWEEsy8Y,CC-BY 3.0,63,FALSE,0,14,0,14,14,82,0,0,247,41,411,41,0,0,0,137,0,0,552,joy,669,-0.5,594,322
VID_522,Germaine Adams,https://www.youtube.com/watch?v=FMqSDNOET_0,CC-BY 3.0,37,TRUE,54,95,0,0,0,27,14,14,176,14,514,14,0,0,0,68,0,14,509,joy,615,-506,438,0.4
VID_523,BrooklynStray,https://www.youtube.com/watch?v=Yie9Bgo69m8,CC-BY 3.0,24,FALSE,0,29,0,0,0,176,0,0,88,0,559,15,0,0,15,29,0,88,618,joy,995,-349,456,317
VID_524,Matthew Weathers,https://www.youtube.com/watch?v=Z9NQatne0xg,CC-BY 3.0,63,FALSE,0,0,0,0,0,0,0,0,29,0,853,0,0,0,0,59,0,59,868,joy,1394,-186,306,314
VID_601,Qasioun News Agency,https://www.youtube.com/watch?v=pTlxx6a1F1M,CC-BY 3.0,19,TRUE,44,178,0,44,44,0,22,0,22,0,0,0,0,0,0.6,0,0,44,621,sadness,-0.93,0.39,0.24,281
VID_602,Qasioun News Agency,https://www.youtube.com/watch?v=pTlxx6a1F1M,CC-BY 3.0,29,TRUE,18,228,0,53,0,18,0,18,53,0,0,53,0,18,544,0,0,0,0.59,sadness,-853,89,319,0.42
VID_603,mindless imagination,https://www.youtube.com/watch?v=bu4X02OUcpM,CC-BY 3.0,41,FALSE,73,182,0,18,0,0,0,0,145,0,18,0,0,0,545,0,18,0,0.66,sadness,-798,91,0.25,367
VID_604,Twin Falls Refugee Library,https://www.youtube.com/watch?v=6BM0GoTJZqU,CC-BY 3.0,30,FALSE,0,423,0,0,19,19,0,0,231,0,38,38,115,0,96,19,0,0,539,compassion,0.46,-304,557,0.32
VID_605,ConceivedInRape,https://www.youtube.com/watch?v=skHApmfOjAQ,CC-BY 3.0,54,FALSE,55,236,0,0,36,18,0,0,0,18,0,18,0,18,564,0,18,18,578,sadness,-1004,0.38,355,515
VID_606,A Plus,https://www.youtube.com/watch?v=IzajDoJPZ3w,CC-BY 3.0,22,FALSE,0,322,0,0,17,0,34,0,119,0,0,0,0,0,475,0,0,34,699,sadness,-804,233,349,401
VID_607,A Plus,https://www.youtube.com/watch?v=IzajDoJPZ3w,CC-BY 3.0,52,FALSE,21,213,21,0,0,0,43,0,128,0,0,21,0,0,553,0,0,0,664,sadness,-871,525,311,383
VID_608,ProvinceofBC,https://www.youtube.com/watch?v=pGv_jFhHnJQ,CC-BY 3.0,55,FALSE,19,204,0,19,0,19,19,0,37,19,0,19,0,0,0.63,0,19,0,604,sadness,-935,198,0.33,353
VID_609,Jeff,https://www.youtube.com/watch?v=_FrJ3aHXpUg,CC-BY 3.0,45,FALSE,58,96,0,19,0,58,0,0,173,19,0,58,0,0,519,0,0,0,586,sadness,-507,-137,353,342
VID_610,Sebastian Sdaigui,https://vimeo.com/168071600,CC-BY 3.0,69,FALSE,34,328,0,0,0,0,0,0,103,0,0,17,0,0,517,0,0,0,754,sadness,-0.41,-147,405,315
VID_611,Briana Jones Chase,https://www.youtube.com/watch?v=CVfjHpQY7iY,CC-BY 3.0,69,FALSE,82,122,0.02,61,0.02,0,41,0,0,0,0,0,0,0,653,0,0,0,673,sadness,-993,611,351,354
VID_612,Sarah Barker,https://www.youtube.com/watch?v=fB2tMQF9VFs,CC-BY 3.0,42,FALSE,18,218,18,36,0,55,18,18,91,18,0,0,36,18,364,18,36,36,304,sadness,-708,0.41,382,0.49
VID_613,Broken Earth,https://www.youtube.com/watch?v=FP-gfX9CxAU,CC-BY 3.0,46,FALSE,21,438,0,0,21,21,0,21,42,21,21,0,0,0,333,62,0,0,549,compassion,-272,184,498,379
VID_614,MannyReel,https://vimeo.com/111373159,CC-BY 3.0,42,FALSE,54,161,36,18,71,54,0,0,107,36,0,54,0,143,268,0,0,0,374,sadness,-676,392,395,412
VID_615,MannyReel,https://vimeo.com/111373159,CC-BY 3.0,54,FALSE,85,288,68,0,0,85,0,17,119,17,0,34,0,17,237,17,0,17,0.39,compassion,-333,72,0.41,411
VID_616,Doctors Without Borders / MSF-USA,https://www.youtube.com/watch?v=qnEJMV4QjlE,CC-BY 3.0,52,FALSE,295,164,0,16,0,148,16,0,49,0,0,0,16,0,213,16,0,66,476,anxiety,-0.39,694,488,365
VID_617,Part of the Solution,https://www.youtube.com/watch?v=QuwJfXisFmc,CC-BY 3.0,37,TRUE,472,0,0,38,0,38,245,19,57,38,19,19,0,0,57,0,0,0,519,anxiety,-915,981,432,467
VID_618,GAMER HIK,https://www.youtube.com/watch?v=Y1vOrptaEm4,CC-BY 3.0,36,TRUE,0,0,77,38,385,0,0,0,0,19,0,0,0,173,308,0,0,0,665,disgust,-1624,1274,0.16,462
VID_619,A Plus,https://www.youtube.com/watch?v=19MRazlldnM,CC-BY 3.0,23,FALSE,0,217,0,0,0,17,0,0,0.1,17,0,0,0,17,583,0,17,33,652,sadness,-682,39,385,393
VID_620,Sustainable Human,https://www.youtube.com/watch?v=_oevXkJY-fE,CC-BY 3.0,59,FALSE,127,55,0,18,0,55,0,36,291,18,0,73,0,0,309,0,18,0,476,sadness,-403,-116,417,443
VID_621,Sustainable Human,https://www.youtube.com/watch?v=_oevXkJY-fE,CC-BY 3.0,27,FALSE,18,179,0,18,18,0,0,18,196,0,0,36,0,0,518,0,0,0,631,sadness,-625,-51,318,351
VID_622,Moms Vlog80,https://www.youtube.com/watch?v=R4QdbVJ1PKY&t=5s,CC-BY 3.0,48,FALSE,0.19,155,0,0,0,0,0,0,0,121,0,0,0,17,483,0,34,0,0.67,sadness,-1251,0.88,233,296
VID_623,DKMS US,https://www.youtube.com/watch?v=gXdB6abzrL0,CC-BY 3.0,53,FALSE,59,157,0,0,0,0,0,0,0.02,0,0,0,0,0,725,0,0,39,787,sadness,-793,279,244,372
VID_624,RyansAverageLife,https://www.youtube.com/watch?v=ElmhF3qJbQE&t=16s,CC-BY 3.0,61,FALSE,0,0.25,0,0,0,19,0,0,115,38,0,0,19,0,538,19,0,0,671,sadness,-325,-0.1,373,384
VID_625,Sun Fruit Dan,https://www.youtube.com/watch?v=Q4CzfGnmwso,CC-BY 3.0,67,FALSE,0,0.1,17,0,17,17,0,0,83,33,0,33,0,17,617,0,0,67,559,sadness,-946,173,379,364
VID_626,Refugees in Iraq,https://www.youtube.com/watch?v=_GT0GOoi3Pk,CC-BY 3.0,52,FALSE,17,0.35,0,17,17,17,0,0.05,83,17,0,17,17,0,383,17,0,0,485,sadness,-582,193,361,353
VID_627,FireKillsCampaign,https://www.youtube.com/watch?v=Ir2bekewg-8,CC-BY 3.0,56,FALSE,0.07,18,0,18,18,18,18,0,105,18,0,0,0,0,684,0,0,35,602,sadness,-0.85,328,0.36,397
VID_701,Kenneth Lagom,https://www.youtube.com/watch?v=oC5JzbUk7H0,CC-BY 3.0,17,TRUE,0,0,0,0,0,122,0,0,311,14,27,81,0,0,0,0,0,446,686,surprise,0.47,-639,425,284
VID_702,Kenneth Lagom,https://www.youtube.com/watch?v=oC5JzbUk7H0,CC-BY 3.0,23,TRUE,0,0,14,0,0,306,0,0,278,0,0,83,0,0,28,28,0,264,623,fascination,594,-686,491,319
VID_703,Kenneth Lagom,https://www.youtube.com/watch?v=oC5JzbUk7H0,CC-BY 3.0,21,TRUE,15,0,0,0,0,221,0,0,235,0,44,59,0,0,15,44,0,368,579,surprise,0.62,-0.6,448,315
VID_704,Ace Alderman,https://www.youtube.com/watch?v=yS08DkHP8g0,CC-BY 3.0,68,TRUE,227,0,0,0.03,61,76,45,0,45,0,0.03,15,0,0,0,0,0,0.47,542,surprise,-431,562,0.4,513
VID_705,Tariq Adnan,https://www.youtube.com/watch?v=pzM0Yxdjeak,CC-BY 3.0,41,TRUE,0,0,0,0,0,347,0,0,97,0,56,0,0,0,0,28,0,472,735,surprise,916,-388,383,374
VID_706,Azarz Chronica,https://www.youtube.com/watch?v=MGSWPKG5YDQ,CC-BY 3.0,20,TRUE,42,0,14,0,0,14,14,0,333,14,111,42,0,0,0,0,0,417,589,surprise,0.05,-125,355,0.45
VID_707,The Big Crew,https://www.youtube.com/watch?v=xVGfB0FSmrM,CC-BY 3.0,25,FALSE,14,0,0,0,0,0,14,0,205,14,315,27,0,0,0,0,14,397,641,surprise,411,-112,422,398
VID_708,Nirshan Ibrahim,https://www.youtube.com/watch?v=1xp95yql2VA,CC-BY 3.0,22,TRUE,0,0,14,0,0,342,0,0,219,0,192,96,0,0,0,68,0,68,588,fascination,738,-624,487,346
VID_709,crazy indians,https://www.youtube.com/watch?v=IKi2qYDye9g,CC-BY 3.0,18,TRUE,183,0,0,42,0,14,85,0,0,56,14,0,0,0,42,0,0,563,616,surprise,-991,1208,447,444
VID_710,Kai Squires,https://www.youtube.com/watch?v=7JccVCLD2bY,CC-BY 3.0,13,TRUE,13,13,0,0,0,573,0,0,173,0,13,0.08,0,13,13,53,0,53,0.57,fascination,667,-544,498,348
VID_711,Fruchtpudding,https://www.youtube.com/watch?v=bpSIkPrl6vQ,CC-BY 3.0,26,TRUE,15,15,15,0,29,397,0,0,147,0,0,59,0,0,0,15,0,309,579,fascination,293,-272,359,445
VID_712,Fame Magazine,https://www.youtube.com/watch?v=49ivrVftEl4,CC-BY 3.0,62,TRUE,13,0,0,0,0,133,0,0,27,0,627,13,13,0,0,0.08,0,93,648,joy,1154,-0.24,0.48,423
VID_713,Biblioteca Castilla y León,https://www.youtube.com/watch?v=YCm6Rxy1H78,CC-BY 3.0,64,TRUE,0,0,0,0,0,183,0,0,99,0,254,0,14,0,0,99,0,352,643,surprise,947,-482,409,325
VID_714,Foxxel Pobieski,https://www.youtube.com/watch?v=VMhUHr0meFE,CC-BY 3.0,13,TRUE,233,0,0,0,0,27,27,0,123,41,0,27,0,27,0,0,0,493,601,surprise,-412,523,351,577
VID_715,Jairo Lerma,https://www.youtube.com/watch?v=MtgRCCpFcBg,CC-BY 3.0,26,FALSE,14,0,0,0,14,0,0,0,0.07,14,296,14,0,0,0,14,0,563,682,surprise,938,0.23,418,423
VID_716,richmond9517,https://www.youtube.com/watch?v=1sIzTvKH18E,CC-BY 3.0,58,FALSE,0,0,0,0,0,39,0,0,66,13,592,13,0,0,0,105,0,171,669,joy,1329,-49,0.34,346
VID_717,MadForMagic,https://www.youtube.com/watch?v=jUTnTVnyXhs,CC-BY 3.0,21,TRUE,0,0,0,0,0,292,0,0,236,0,69,56,0,0,0,0,0,347,694,surprise,619,-475,449,314
VID_718,PLOS Media,https://www.youtube.com/watch?v=ZerUbHmuY04,CC-BY 3.0,25,TRUE,0,0,0,0,0,521,0,0,0.07,0,169,56,14,0,0,99,0,0.07,623,fascination,1005,-573,447,314
VID_719,avi,https://www.youtube.com/watch?v=YvGwGsAISnQ,CC-BY 3.0,30,TRUE,56,0,0,0,0,514,28,0,97,0,56,125,0,0,0,69,0,56,562,fascination,604,-256,463,407
VID_721,meladieDE,https://www.youtube.com/watch?v=oJdFSttJUv4,CC-BY 3.0,21,TRUE,174,0,14,0,29,188,29,0,72,0,0.29,0,0,0,14,58,0,0.13,457,joy,0.46,1,637,478
VID_722,Darcy Oake,https://www.youtube.com/watch?v=i2sUHsNTdDw,CC-BY 3.0,26,FALSE,14,0,0,0,0,57,0,0,143,71,243,0,0,0,0,14,0,457,636,surprise,671,-105,456,405
VID_723,THE MOODY GUY,https://www.youtube.com/watch?v=0yKtK4MdeGw,CC-BY 3.0,16,TRUE,0,0,0,0,15,0.06,0,0,209,15,388,45,0,0,0,0,0,269,634,joy,794,-0.44,475,322
VID_801,Animal Equality,https://www.youtube.com/watch?v=pQK4261GXyg,CC-BY 3.0,41,TRUE,33,0,0,33,417,0,17,33,0,33,0,0,0,0.3,117,0,0,17,561,disgust,-1562,1456,212,341
VID_802,VINnews,https://www.youtube.com/watch?v=h1-8tME1IsM,CC-BY 3.0,17,TRUE,82,16,49,16,246,16,131,0,0,0,0,0,0,262,0,0,0,0.18,507,rage,-1439,1462,245,0.43
VID_803,Ademo Freeman,https://www.youtube.com/watch?v=O_PLtuMECe8,CC-BY 3.0,39,FALSE,309,0,36,0,55,55,73,0,18,0,0,0,0,145,55,0,18,236,453,anxiety,-1206,1301,479,486
VID_804,Association L214,https://www.youtube.com/watch?v=CDzo7PyH9i0,CC-BY 3.0,36,TRUE,38,38,38,19,321,19,0,19,0,0,0,38,0,0.17,245,0,0,57,438,disgust,-1328,1129,428,444
VID_805,DO YOU KNOW ME,https://www.youtube.com/watch?v=CamVley7k3E,CC-BY 3.0,56,TRUE,58,19,38,0,115,0,19,0,0,0,0,0,0,269,462,0,19,0,604,sadness,-1516,1244,224,495
VID_806,DO YOU KNOW ME,https://www.youtube.com/watch?v=6lfUGhHMj2o,CC-BY 3.0,37,FALSE,0,0,0.14,0,123,18,0,0,35,35,0,0,0,368,193,18,35,35,475,rage,-1358,1087,386,497
VID_807,Sebastian Sdaigui,https://vimeo.com/168071600,CC-BY 3.0,52,FALSE,229,21,42,0,229,0,42,0,62,83,0,0,0,208,62,0,0,21,438,anxiety,-1.06,894,381,517
VID_808,zeynakca,https://www.youtube.com/watch?v=F04UqJYIhxg,CC-BY 3.0,65,FALSE,17,0.19,121,0,52,17,0,0,52,52,0,17,0,172,259,17,34,0,373,sadness,-833,459,337,452
VID_809,Animal Equality,https://www.youtube.com/watch?v=pQK4261GXyg,CC-BY 3.0,13,TRUE,0,0,104,42,354,0,0,0,0,0,0,21,0,229,188,0,42,21,0.56,disgust,-1579,1423,211,0.45
VID_810,Animal Equality,https://www.youtube.com/watch?v=pQK4261GXyg,CC-BY 3.0,35,TRUE,18,18,91,0,436,0,0,18,0,0,0,0,0,145,255,0,0,18,605,disgust,-1628,1526,114,293
VID_811,producertony2001,https://www.youtube.com/watch?v=2pWij13kNJo,CC-BY 3.0,57,FALSE,161,125,36,0,71,36,0,0,54,54,0,0,0,268,107,0,18,71,0.37,rage,-1008,819,389,513
VID_812,Sanjay Seth,https://www.youtube.com/watch?v=SGSrGmHsT8s,CC-BY 3.0,63,FALSE,238,16,16,0,143,48,16,0,0,159,0,0,0,238,32,0,16,79,427,anxiety,-1083,1119,356,488
VID_813,Greenpeace NZ Video,https://www.youtube.com/watch?v=aNUBRv52IBk,CC-BY 3.0,12,TRUE,0.08,0,0.04,0.02,0.24,0,0.02,0,0,0,0,0.02,0,0.24,0.32,0,0,0.02,538,sadness,-1392,1.12,267,452
VID_814,Joseph Kamiya,https://www.youtube.com/watch?v=GQQzYae8oZ8,CC-BY 3.0,48,FALSE,468,0,32,32,65,65,97,0,16,0,0,16,0,48,81,0,0,81,437,anxiety,-982,944,407,431
VID_815,Bert Schneider,https://www.youtube.com/watch?v=rIlkEL1JK5s,CC-BY 3.0,53,FALSE,33,33,115,0,148,66,0,0,66,197,33,0,16,115,66,33,33,49,233,irritation,-777,675,423,0.43
VID_816,RBS PRODUCTION,https://www.youtube.com/watch?v=eiGu_rLWmt0,CC-BY 3.0,70,TRUE,148,0,19,19,426,0,37,0,37,19,0,0,0,204,93,0,0,0,0.54,disgust,-1626,1587,167,434
VID_817,UNICEF South Africa,https://www.youtube.com/watch?v=ZrsbOC8wcVA,CC-BY 3.0,13,TRUE,273,45,0,0,23,0,159,0,23,0,0,23,0,136,227,0,0,91,492,anxiety,-1137,874,447,517
VID_818,Ursula Wharton,https://www.youtube.com/watch?v=nOaupUo3r8A,CC-BY 3.0,46,FALSE,0,291,18,18,55,0,0,0,55,18,0,0,0,0,545,0,0,0,683,sadness,-917,264,312,341
VID_819,NosTeraFuTV,https://www.youtube.com/watch?v=4P8o16XYPos,CC-BY 3.0,41,TRUE,0,0,0,0,33,82,33,0,66,33,393,0,0,33,0,0,33,295,0.53,joy,505,118,0.49,445
VID_820,Myles Cook,https://www.youtube.com/watch?v=7G3PZs7NzCo,CC-BY 3.0,41,TRUE,111,56,93,19,74,0,19,0,0.13,0,0,19,0,241,185,0,0,56,382,rage,-1128,781,0.4,545
VID_821,U.S. Navy,https://www.youtube.com/watch?v=SP2sOCbxVWc,CC-BY 3.0,60,FALSE,97,161,0,0,129,16,16,0,16,16,0,0,0,113,435,0,0,0,544,sadness,-1205,0.83,361,384
VID_822,Justin Payne,https://www.youtube.com/watch?v=v5xHs-nGomc,CC-BY 3.0,65,FALSE,38,0,113,0,528,38,0,0,19,57,0,0,0,113,0,0,19,75,544,disgust,-1338,1054,309,517
VID_823,Richard Lee Chilton,https://www.youtube.com/watch?v=enypXVgtXrU,CC-BY 3.0,69,FALSE,103,52,155,0,172,17,34,0,52,121,0,17,0,138,52,0,52,34,277,disgust,-1065,1045,327,472
VID_901,Soare Adrian,https://www.youtube.com/watch?v=dHG_eKFJHtM,CC-BY 3.0,20,TRUE,0,0,0,0,0,61,0,0,364,0,61,152,15,0,0,333,15,0,631,indifference,656,-1008,457,344
VID_902,Research Indicates,https://www.youtube.com/watch?v=4pqH65gOL3M,CC-BY 3.0,23,TRUE,0,14,0,0,0,271,0,0,157,0,71,114,0,0,0,371,0,0,649,satisfaction,949,-791,544,264
VID_903,Loren Cahlander,https://www.youtube.com/watch?v=fVG6GdiXjAk,CC-BY 3.0,20,TRUE,0,0,15,0,0,149,0,0,134,0,75,75,0,15,0,537,0,0,641,satisfaction,1082,-911,0.44,317
VID_904,epSos.de,https://www.youtube.com/watch?v=urhIKStIcSo,CC-BY 3.0,21,TRUE,31,0,0,0,0,277,0,0,154,15,46,108,15,0,0,354,0,0,575,satisfaction,886,-699,481,348
VID_905,floydstinkyboy,https://www.youtube.com/watch?v=CQC9W2XljeU,CC-BY 3.0,46,TRUE,0,14,0,0,0,246,0,0,217,0,43,87,0,0,0,391,0,0,662,satisfaction,1078,-861,391,226
VID_906,Grafolio,https://www.youtube.com/watch?v=DWK-FucR7gc,CC-BY 3.0,58,FALSE,0,111,14,0,0,56,0,0,69,14,375,42,0,0,42,278,0,0,531,joy,1.18,-541,0.42,365
VID_907,Alek Big K,https://www.youtube.com/watch?v=9TvIyIchWjg,CC-BY 3.0,68,TRUE,0,43,14,0,0,58,0,0,203,0,174,29,0,0,116,333,0,29,505,satisfaction,834,-655,573,0.3
VID_908,Meditation.Kanal,https://www.youtube.com/watch?v=voOL9q_h7hk,CC-BY 3.0,45,TRUE,43,14,14,0,0,101,0,0,391,0,0,87,0,0,0,348,0,0,641,indifference,638,-908,499,312
VID_909,icanhc,https://www.youtube.com/watch?v=F0wIhtnP6MM,CC-BY 3.0,42,TRUE,0,0,0,0,0,103,0,0,309,0,59,103,0,0,44,382,0,0,644,satisfaction,673,-0.92,524,0.31
VID_1001,CINESIM Creative Commons,https://www.youtube.com/watch?v=3FXUw98rrUY,CC-BY 3.0,21,TRUE,29,0,0,0,0,87,0,0,623,0,14,174,0,0,0,72,0,0,712,indifference,248,-582,304,351
VID_1002,Elisha Z,https://www.youtube.com/watch?v=DJ2IhGCexgI,CC-BY 3.0,20,TRUE,72,0,0,0,0,174,14,0,0.42,0,0,217,0,0,0,101,0,0,653,indifference,308,-711,337,361
VID_1003,BoringVideosDaily2,https://www.youtube.com/watch?v=TA4lupq7mAM,CC-BY 3.0,20,TRUE,43,14,0,0,14,129,0,0,457,0,0,214,14,0,29,86,0,0,0.56,indifference,352,-772,357,326
VID_1004,SomFunk,https://www.youtube.com/watch?v=V2yUPXTEcjs,CC-BY 3.0,35,TRUE,29,0,0,0,0,86,0,0,614,14,0,0.2,0,0,0,57,0,0,715,indifference,104,-469,137,426
VID_1005,MyAbridged,https://www.youtube.com/watch?v=KgbSjRMqyjc,CC-BY 3.0,30,TRUE,0,0,0,0,0,0,0,0,671,0,0,247,0,0,0,82,0,0,861,indifference,145,-866,204,277
VID_1006,Kizzume Fowler,https://www.youtube.com/watch?v=UnUrLa6KK_w,CC-BY 3.0,40,FALSE,0.03,15,15,0,0,149,0,0,627,15,0,119,0,0,0,15,0,15,631,indifference,107,-636,191,0.32
VID_1007,BikingInLA,https://www.youtube.com/watch?v=weE-aRrEIsw,CC-BY 3.0,31,TRUE,0.3,0,0,0,0,29,14,0,414,14,29,171,0,0,0,29,0,0,617,indifference,-1,-141,165,716
VID_1008,Worldwide Center of Mathematics,https://www.youtube.com/watch?v=eze6aOHC2fk,CC-BY 3.0,55,FALSE,13,0,0,0,0,105,0,0,737,0,13,105,0,0,0,26,0,0,764,indifference,152,-698,356,261
VID_1009,Donnie Clapp,https://www.youtube.com/watch?v=MSwaJXYS-XY,CC-BY 3.0,22,TRUE,14,0,0,14,0,29,14,0,449,0,217,159,0,0,0,101,0,0,606,indifference,497,-798,0.45,278
VID_1010,the Terriblelands,https://www.youtube.com/watch?v=VafWrBxazXI,CC-BY 3.0,30,TRUE,103,15,0,0,0,176,15,0,324,0,88,88,0,0,0,191,0,0,541,indifference,675,-739,567,383
VID_1011,Whiletheyplay,https://www.youtube.com/watch?v=SSkYjkRRfGM,CC-BY 3.0,67,FALSE,0,0,0,0,0,118,0,0,735,0,29,44,15,0,0,59,0,0,749,indifference,271,-925,275,311
VID_1012,Allversity,https://www.youtube.com/watch?v=EGMGTfq57u4,CC-BY 3.0,44,FALSE,0,0,14,0,0,194,0,0,625,0,0,97,14,0,0,56,0,0,727,indifference,231,-809,244,289
VID_1013,IsDeno24,https://www.youtube.com/watch?v=UHAhq3lIJXc,CC-BY 3.0,36,TRUE,0,0,0,0,0,74,0,0,706,15,0,191,0,0,0,15,0,0,0.8,indifference,98,-795,191,286
VID_1014,Bitcoin and Cryptocurrency Technologies Online Course,https://www.youtube.com/watch?v=q5GWwTgRIT4,CC-BY 3.0,38,FALSE,0,0,0,0,0,235,0,0,691,0,0,59,0,0,0,15,0,0,836,indifference,147,-0.69,252,314
VID_1015,He Spoke Style,https://www.youtube.com/watch?v=lAmE6_4Y-eU,CC-BY 3.0,41,FALSE,0,0,0,0,0,132,0,0,671,0,26,79,0,0,0,92,0,0,755,indifference,224,-821,274,275
VID_1016,Maxkil,https://www.youtube.com/watch?v=Y9CrKsfg0lQ,CC-BY 3.0,47,FALSE,0,15,15,0,0,279,0,0,456,15,15,103,0,0,0,103,0,0,624,indifference,397,-534,346,298
VID_1017,Mark Johnson,https://www.youtube.com/watch?v=2hUt1OGAel8,CC-BY 3.0,12,TRUE,0,0,0,0,0,0,0,0,719,16,0,219,0,0,0,31,0,16,816,indifference,83,-674,208,272
VID_1018,George Phillies,https://www.youtube.com/watch?v=mVzrYKkeJzE,CC-BY 3.0,58,FALSE,14,27,14,0,0,0,0,0,797,14,14,108,0,0,0,0,0,14,742,indifference,67,-746,0.24,234
VID_1019,Language Tutor Online,https://www.youtube.com/watch?v=kllsFlyaJss,CC-BY 3.0,19,FALSE,0,0,0,0,0,82,0,0,699,27,14,178,0,0,0,0,0,0,788,indifference,84,-776,196,342
VID_1020,Mark Johnson,https://www.youtube.com/watch?v=uSyghtb7d8E,CC-BY 3.0,20,TRUE,0,0,0,0,14,0,0,0,783,0,0,203,0,0,0,0,0,0,909,indifference,62,-782,97,295
VID_1021,sanderson1611,https://www.youtube.com/watch?v=4QmPaecjOx0,CC-BY 3.0,33,FALSE,0,0,0,0,0,41,0,0,635,0,41,216,0,14,0,54,0,0,727,indifference,177,-792,244,361
VID_1022,UCI Open,https://www.youtube.com/watch?v=T7qI2hBmRTE,CC-BY 3.0,56,FALSE,15,0,15,0,0,76,0,0,864,0,0,15,0,0,0,15,0,0,0.83,indifference,-179,-708,264,383
VID_1023,Mark Johnson,https://www.youtube.com/watch?v=ZoG32-TAHKA,CC-BY 3.0,16,FALSE,15,0,0,0,0,15,0,0,618,0,0,324,0,0,0,15,0,15,784,indifference,175,-862,235,269
